max_features,training_accuracy_mean,training_accuracy_std,testing_accuracy_mean,testing_accuracy_std
0.2,1.0,0.0,0.694,0.04305810028322197
0.4,1.0,0.0,0.727,0.03682390527904394
0.6,1.0,0.0,0.722,0.02088061301782108
0.8,1.0,0.0,0.7339999999999999,0.012806248474865708
1.0,1.0,0.0,0.717,0.020149441679609904
