min_samples_leaf,training_accuracy_mean,training_accuracy_std,testing_accuracy_mean,testing_accuracy_std
1,1.0,0.0,0.924,0.03152776554086887
5,0.97575,0.0037583240945932533,0.916,0.028879058156387284
10,0.95,0.0037914377220258045,0.9109999999999999,0.027276363393971707
20,0.91275,0.010350120772242203,0.869,0.021540659228538032
50,0.5780000000000001,0.02546566315649369,0.524,0.025179356624028364
100,0.28900000000000003,0.023709175439057338,0.285,0.02449489742783178
