n_estimators,training_accuracy_mean,training_accuracy_std,testing_accuracy_mean,testing_accuracy_std
10,0.9974999999999999,0.0015811388300842086,0.8200000000000001,0.026645825188948438
50,1.0,0.0,0.906,0.022226110770892888
100,1.0,0.0,0.924,0.03152776554086887
200,1.0,0.0,0.9309999999999998,0.028705400188814623
300,1.0,0.0,0.9309999999999998,0.03307567081708243
